[
    {
        "key": "dbln",
        "value": "%7B%22100071861378318%22%3A%224VSGvleK%22%7D",
        "domain": "facebook.com",
        "path": "/login/device-based/",
        "hostOnly": false,
        "creation": "2025-06-19T15:20:24.963Z",
        "lastAccessed": "2025-06-19T15:20:24.964Z"
    },
    {
        "key": "datr",
        "value": "NiRBaKhfStp7j8eE0j9fc2Qs",
        "domain": "facebook.com",
        "path": "/",
        "hostOnly": false,
        "creation": "2025-06-19T15:20:24.964Z",
        "lastAccessed": "2025-06-19T15:20:24.964Z"
    },
    {
        "key": "vpd",
        "value": "v1%3B784x412x2.101494073867798",
        "domain": "facebook.com",
        "path": "/",
        "hostOnly": false,
        "creation": "2025-06-19T15:20:24.964Z",
        "lastAccessed": "2025-06-19T15:20:24.964Z"
    },
    {
        "key": "sb",
        "value": "fyRBaBNhcA1QeMoqdFP57Iyp",
        "domain": "facebook.com",
        "path": "/",
        "hostOnly": false,
        "creation": "2025-06-19T15:20:24.964Z",
        "lastAccessed": "2025-06-19T15:20:24.964Z"
    },
    {
        "key": "ps_l",
        "value": "1",
        "domain": "facebook.com",
        "path": "/",
        "hostOnly": false,
        "creation": "2025-06-19T15:20:24.964Z",
        "lastAccessed": "2025-06-19T15:20:24.964Z"
    },
    {
        "key": "ps_n",
        "value": "1",
        "domain": "facebook.com",
        "path": "/",
        "hostOnly": false,
        "creation": "2025-06-19T15:20:24.964Z",
        "lastAccessed": "2025-06-19T15:20:24.964Z"
    },
    {
        "key": "locale",
        "value": "vi_VN",
        "domain": "facebook.com",
        "path": "/",
        "hostOnly": false,
        "creation": "2025-06-19T15:20:24.964Z",
        "lastAccessed": "2025-06-19T15:20:24.964Z"
    },
    {
        "key": "c_user",
        "value": "100071861378318",
        "domain": "facebook.com",
        "path": "/",
        "hostOnly": false,
        "creation": "2025-06-19T15:20:24.964Z",
        "lastAccessed": "2025-06-19T15:20:24.964Z"
    },
    {
        "key": "xs",
        "value": "2%3ALS-3DraPjRv8dQ%3A2%3A1750345218%3A-1%3A-1",
        "domain": "facebook.com",
        "path": "/",
        "hostOnly": false,
        "creation": "2025-06-19T15:20:24.964Z",
        "lastAccessed": "2025-06-19T15:20:24.964Z"
    },
    {
        "key": "fr",
        "value": "00kLJ8xJfa2X4dm6u.AWfL39DQ7kCwSAVphEp_SlVbMH7p34o_76p8nx-B60jAMswmZpY.BoQSQ2..AAA.0.0.BoVCq0.AWepz2j5s0otvVZpJ8hos7PmonI",
        "domain": "facebook.com",
        "path": "/",
        "hostOnly": false,
        "creation": "2025-06-19T15:20:24.964Z",
        "lastAccessed": "2025-06-19T15:20:24.964Z"
    },
    {
        "key": "fbl_st",
        "value": "100422622%3BT%3A29172440",
        "domain": "facebook.com",
        "path": "/",
        "hostOnly": false,
        "creation": "2025-06-19T15:20:24.964Z",
        "lastAccessed": "2025-06-19T15:20:24.964Z"
    },
    {
        "key": "wl_cbv",
        "value": "v2%3Bclient_version%3A2847%3Btimestamp%3A1750346420",
        "domain": "facebook.com",
        "path": "/",
        "hostOnly": false,
        "creation": "2025-06-19T15:20:24.964Z",
        "lastAccessed": "2025-06-19T15:20:24.964Z"
    }
]